【稀缺豪货】1958年 金轮牌土陶瓶茅台酒 54度540ml*1瓶,1580000.00元,0人付款,悦华名酒
贵州茅台酒飞天土豪金53度500ml单瓶装酱香型白酒晟藏老酒,4685.00元,41人付款,天猫超市
贵州茅台酒53度飞天茅台第十届酒博会500ml晟藏老酒陈酒白酒酒水,3765.00元,400+人付款,天猫超市
贵州茅台迎宾酒紫迎宾53度500ml*6瓶整箱酱香型白酒整箱送礼,1308.00元,400+人付款,天猫超市
贵州茅台酒飞天惠群贵礼银杯礼盒53度200ml酱香型白酒晟藏老酒,1329.00元,70人付款,天猫超市
贵州茅台酒白酒53度飞天茅台珍藏级475ml*1瓶酱香型白酒单瓶装,3999.00元,100+人付款,天猫超市
中国贵州飞天茅台53度500ml酱香型白酒2021年产海外版茅台酒,2699.00元,200+人付款,天猫国际进口超市
茅台飞天 53度酱香型白酒 200ml*2瓶,3788.00元,50人付款,苏宁易购官方旗舰店
2022年壬寅虎年生肖纪念贵州茅台酒酱香型白酒500ML一瓶53度,3369.00元,500+人付款,同和同聚商贸
2022年53度500ML飞天牌茅台酒盒装,2839.00元,1000+人付款,同和同聚商贸
歌德老酒 贵州茅台酒飞天茅台53度 1000ml 1升 高度酱香型白酒,7879.00元,100+人付款,歌德老酒行旗舰店
贵州茅台酒飞天 53度小瓶 50mL*1瓶酱香型 白酒特价正品,260.00元,73人付款,福缘四方名酒商行
贵州茅台酒 壬寅虎年生肖纪念酒53度500ml 酱香型白酒,3799.00元,600+人付款,君家名酒
茅台 飞天 53度 贵州 白酒500ML 酱香型白酒 2021,2999.00元,92人付款,中恒正信酒类专营店
【88会员领券下单】飞天茅台 53度500mL 贵州酱香型白酒 送礼白酒,3600.00元,3000+人付款,浩天中创酒类专营店
1919官方旗舰店贵州茅台生肖酒丙申猴年53度500ml酱香型白酒,9175.00元,900+人付款,壹玖壹玖官方旗舰店
1919官方旗舰店贵州茅台生肖纪念酒猪年53度酱香型白酒500mL,5999.00元,600+人付款,壹玖壹玖官方旗舰店
【茅台鸡年53度500ml酱香型】+【五粮液52度500ml浓香型】白酒,6300.00元,2000+人付款,浩天中创酒类专营店
日本直邮贵州飞天茅台酒53度酱香型白酒500ml礼盒装2021出口版,2869.00元,300+人付款,天猫国际日本直购
贵州茅台酒 53度500ml飞天茅台 酱香型白酒单瓶装,2999.00元,100+人付款,晋豫宏达食品专营店
南城正品 53度贵州飞天茅台 辛丑牛年生肖纪念酒 500ml单瓶装,3999.00元,66人付款,南城烟酒供销社
晟藏老酒 贵州茅台酒 茅台壬寅虎年生肖纪念酒500ML53度酱香白酒,6999.00元,100+人付款,晟藏老酒酒类专营
歌德老酒贵州茅台酒53度500ml官方正品礼盒装酱香型高度白酒,3859.00元,69人付款,歌德老酒行旗舰店
贵州茅台酒 53度惠群贵礼飞天茅台100ml*2瓶礼盒装酒具版套装,1499.00元,12人付款,醉典名酒拍卖店
贵州茅台酒53度茅台飞天黔货出山50ml*2瓶礼盒装惠群贵礼送礼收藏,669.00元,8人付款,醉典名酒拍卖店
贵州茅台酒1935酱香型白酒53度500ml单瓶装送礼收藏酒水,1390.00元,100+人付款,金源通达商贸有限公司
贵州茅台酒 壬寅虎年生肖纪念酒53度375ml*2礼盒装 酱香型白酒,5769.00元,63人付款,君家名酒
贵州茅台王子酒 金王子53度500ml整箱6瓶酱香型高度白酒水送礼盒,1328.00元,100+人付款,中瑞坤泰酒类销售
【官方授权】53度500ML*6贵州大曲酒（70年代）整箱装酱香型白酒,2508.00元,400+人付款,酒仙网官方旗舰店
【年份随机】53度500ML茅台金王子酒盒装,249.00元,100+人付款,老八大商贸
欧洲直邮贵州茅台酒53度飞天茅台酱香型白酒入口绵柔500ML21年,2699.00元,100+人付款,天猫国际欧洲直购
飞天茅台酒 贵州茅台 53度 500ml 酱香型 白酒 送礼2021,2999.00元,47人付款,唯依德亿易食品专营店
各年份贵州茅台王子酒酱香经典53度500mlx6瓶酱香酒整箱,1490.00元,100+人付款,京玖辉煌
贵州茅台古镇酱香型白酒53度纯粮食坤沙酒高粱原浆窖藏酒瓶装整箱,268.00元,700+人付款,金阳酒类旗舰店
【新品上市】53°茅台王子酒（壬寅虎年）生肖纪念酒500ml双瓶装,1436.00元,300+人付款,茅台王子酒旗舰店
2021年 53度 贵州茅台 丝绸之路 500ml*1瓶 酱香型白酒 送礼收藏,1399.00元,0人付款,世纪玖藏
【中致】茅台红迎宾酒20周年纪念酒53度10L酱香型礼盒装迎宾20斤,7799.00元,0人付款,中致酒谱老酒馆
2015年53度500ML飞天牌茅台酒盒装,3689.00元,0人付款,老八大商贸
贵州茅台1935酱香型 白酒53度500ml 单瓶装 白酒 收藏送礼 宴请,1460.00元,90人付款,tb491972341
金字陈酿 2021年 贵州茅台酒 53度500ml 1瓶,8199.00元,1人付款,恒樽商贸
2021年43度500ML飞天茅台酒盒装,1189.00元,19人付款,恒樽商贸
贵州茅台1935酱香型白酒53度500ml单瓶装送礼收藏酒水,1320.00元,100+人付款,福缘四方名酒商行
2013年贵州茅台迎宾酒53度500ml*1瓶酱香粮食酒名酒收藏酒老酒,329.00元,0人付款,洪源名酒
2022年53度500ML飞天牌茅台酒盒装,2849.00元,300+人付款,北京尊酒相逢酒业有限公司
贵州茅台酒飞天土豪金53度500ml单瓶装酱香型白酒晟藏老酒,4685.00元,41人付款,天猫超市
贵州茅台酒53度飞天茅台第十届酒博会500ml晟藏老酒陈酒白酒酒水,3765.00元,400+人付款,天猫超市
贵州茅台迎宾酒紫迎宾53度500ml*6瓶整箱酱香型白酒整箱送礼,1308.00元,400+人付款,天猫超市
贵州茅台酒飞天惠群贵礼银杯礼盒53度200ml酱香型白酒晟藏老酒,1329.00元,70人付款,天猫超市
贵州茅台酒白酒53度飞天茅台珍藏级475ml*1瓶酱香型白酒单瓶装,3999.00元,100+人付款,天猫超市
中国贵州飞天茅台53度500ml酱香型白酒2021年产海外版茅台酒,2699.00元,200+人付款,天猫国际进口超市
茅台飞天 53度酱香型白酒 200ml*2瓶,3788.00元,50人付款,苏宁易购官方旗舰店
2022年壬寅虎年生肖纪念贵州茅台酒酱香型白酒500ML一瓶53度,3369.00元,500+人付款,同和同聚商贸
2022年53度500ML飞天牌茅台酒盒装,2839.00元,1000+人付款,同和同聚商贸
歌德老酒 贵州茅台酒飞天茅台53度 1000ml 1升 高度酱香型白酒,7879.00元,100+人付款,歌德老酒行旗舰店
【稀缺豪货】1958年 金轮牌土陶瓶茅台酒 54度540ml*1瓶,1580000.00元,0人付款,悦华名酒
贵州茅台酒飞天 53度小瓶 50mL*1瓶酱香型 白酒特价正品,260.00元,73人付款,福缘四方名酒商行
茅台 飞天 53度 贵州 白酒500ML 酱香型白酒 2021,2999.00元,92人付款,中恒正信酒类专营店
【88会员领券下单】飞天茅台 53度500mL 贵州酱香型白酒 送礼白酒,3600.00元,3000+人付款,浩天中创酒类专营店
1919官方旗舰店贵州茅台生肖酒丙申猴年53度500ml酱香型白酒,9175.00元,900+人付款,壹玖壹玖官方旗舰店
1919官方旗舰店贵州茅台生肖纪念酒猪年53度酱香型白酒500mL,5999.00元,600+人付款,壹玖壹玖官方旗舰店
【茅台鸡年53度500ml酱香型】+【五粮液52度500ml浓香型】白酒,6300.00元,2000+人付款,浩天中创酒类专营店
日本直邮贵州飞天茅台酒53度酱香型白酒500ml礼盒装2021出口版,2869.00元,300+人付款,天猫国际日本直购
贵州茅台酒 53度500ml飞天茅台 酱香型白酒单瓶装,2999.00元,100+人付款,晋豫宏达食品专营店
南城正品 53度贵州飞天茅台 辛丑牛年生肖纪念酒 500ml单瓶装,3999.00元,66人付款,南城烟酒供销社
歌德老酒贵州茅台酒53度500ml官方正品礼盒装酱香型高度白酒,3859.00元,69人付款,歌德老酒行旗舰店
贵州茅台酒1935酱香型白酒53度500ml单瓶装送礼收藏酒水,1390.00元,100+人付款,金源通达商贸有限公司
贵州茅台酒 壬寅虎年生肖纪念酒53度500ml 酱香型白酒,3799.00元,600+人付款,君家名酒
贵州茅台酒 53度惠群贵礼飞天茅台100ml*2瓶礼盒装酒具版套装,1499.00元,12人付款,醉典名酒拍卖店
贵州茅台酒 壬寅虎年生肖纪念酒53度375ml*2礼盒装 酱香型白酒,5769.00元,63人付款,君家名酒
贵州茅台王子酒 金王子53度500ml整箱6瓶酱香型高度白酒水送礼盒,1328.00元,100+人付款,中瑞坤泰酒类销售
【官方授权】53度500ML*6贵州大曲酒（70年代）整箱装酱香型白酒,2508.00元,400+人付款,酒仙网官方旗舰店
【年份随机】53度500ML茅台金王子酒盒装,249.00元,100+人付款,老八大商贸
欧洲直邮贵州茅台酒53度飞天茅台酱香型白酒入口绵柔500ML21年,2699.00元,100+人付款,天猫国际欧洲直购
飞天茅台酒 贵州茅台 53度 500ml 酱香型 白酒 送礼2021,2999.00元,47人付款,唯依德亿易食品专营店
各年份贵州茅台王子酒酱香经典53度500mlx6瓶酱香酒整箱,1490.00元,100+人付款,京玖辉煌
贵州茅台古镇酱香型白酒53度纯粮食坤沙酒高粱原浆窖藏酒瓶装整箱,268.00元,700+人付款,金阳酒类旗舰店
【新品上市】53°茅台王子酒（壬寅虎年）生肖纪念酒500ml双瓶装,1436.00元,300+人付款,茅台王子酒旗舰店
2015年53度500ML飞天牌茅台酒盒装,3689.00元,0人付款,老八大商贸
贵州茅台酒53度茅台飞天黔货出山50ml*2瓶礼盒装惠群贵礼送礼收藏,669.00元,8人付款,醉典名酒拍卖店
2021年 53度 贵州茅台 丝绸之路 500ml*1瓶 酱香型白酒 送礼收藏,1399.00元,0人付款,世纪玖藏
贵州茅台1935酱香型 白酒53度500ml 单瓶装 白酒 收藏送礼 宴请,1460.00元,90人付款,tb491972341
金字陈酿 2021年 贵州茅台酒 53度500ml 1瓶,8199.00元,1人付款,恒樽商贸
2021年43度500ML飞天茅台酒盒装,1189.00元,19人付款,恒樽商贸
贵州茅台1935酱香型白酒53度500ml单瓶装送礼收藏酒水,1320.00元,100+人付款,福缘四方名酒商行
2013年贵州茅台迎宾酒53度500ml*1瓶酱香粮食酒名酒收藏酒老酒,329.00元,0人付款,洪源名酒
2022年53度500ML飞天牌茅台酒盒装,2849.00元,300+人付款,北京尊酒相逢酒业有限公司
中酒网 茅台王子酒53度珍品500ml酱香型高度白酒6瓶整箱装特价,2600.00元,300+人付款,中酒网官方旗舰店
2020年贵州茅台王子酒53度500ml*1瓶 酱香粮食酒收藏酒高度酒名酒,258.00元,0人付款,洪源名酒
贵州茅台酒53度飞天茅台第十届酒博会500ml晟藏老酒陈酒白酒酒水,3765.00元,400+人付款,天猫超市
贵州茅台迎宾酒紫迎宾53度500ml*6瓶整箱酱香型白酒整箱送礼,1308.00元,400+人付款,天猫超市
贵州茅台酒飞天惠群贵礼银杯礼盒53度200ml酱香型白酒晟藏老酒,1329.00元,70人付款,天猫超市
贵州茅台酒白酒53度飞天茅台珍藏级475ml*1瓶酱香型白酒单瓶装,3999.00元,100+人付款,天猫超市
中国贵州飞天茅台53度500ml酱香型白酒2021年产海外版茅台酒,2699.00元,200+人付款,天猫国际进口超市
茅台飞天 53度酱香型白酒 200ml*2瓶,3788.00元,50人付款,苏宁易购官方旗舰店
2022年壬寅虎年生肖纪念贵州茅台酒酱香型白酒500ML一瓶53度,3369.00元,500+人付款,同和同聚商贸
2022年53度500ML飞天牌茅台酒盒装,2839.00元,1000+人付款,同和同聚商贸
歌德老酒 贵州茅台酒飞天茅台53度 1000ml 1升 高度酱香型白酒,7879.00元,100+人付款,歌德老酒行旗舰店
【稀缺豪货】1958年 金轮牌土陶瓶茅台酒 54度540ml*1瓶,1580000.00元,0人付款,悦华名酒
贵州茅台酒飞天 53度小瓶 50mL*1瓶酱香型 白酒特价正品,260.00元,73人付款,福缘四方名酒商行
茅台 飞天 53度 贵州 白酒500ML 酱香型白酒 2021,2999.00元,92人付款,中恒正信酒类专营店
【88会员领券下单】飞天茅台 53度500mL 贵州酱香型白酒 送礼白酒,3600.00元,3000+人付款,浩天中创酒类专营店
1919官方旗舰店贵州茅台生肖酒丙申猴年53度500ml酱香型白酒,9175.00元,900+人付款,壹玖壹玖官方旗舰店
1919官方旗舰店贵州茅台生肖纪念酒猪年53度酱香型白酒500mL,5999.00元,600+人付款,壹玖壹玖官方旗舰店
【茅台鸡年53度500ml酱香型】+【五粮液52度500ml浓香型】白酒,6300.00元,2000+人付款,浩天中创酒类专营店
日本直邮贵州飞天茅台酒53度酱香型白酒500ml礼盒装2021出口版,2869.00元,300+人付款,天猫国际日本直购
贵州茅台酒 53度500ml飞天茅台 酱香型白酒单瓶装,2999.00元,100+人付款,晋豫宏达食品专营店
【碎屏保套餐版】Apple/苹果 iPhone 12 全网通5G新品智能手机苏宁易购官方旗舰店store 12,4699.00元,62人付款,苏宁易购官方旗舰店
【24期免息/送碎屏保】Apple/苹果iPhone 13 Pro 5G手机官方旗舰店国行苹果13pro xr新品13promax全新13 Pro,8008.00元,42人付款,三际数码官方旗舰店
【下单减800元+移动用户专享】iPhone 13 mini5G手机苹果13 mini手机官方旗舰店iphone13 mini官方正品,7599.00元,700+人付款,中国移动手机官方旗舰店
【碎屏保套餐版】Apple/苹果 iPhone 11 移动联通电信4G全网通智能手机 2020新版官方正品,4099.00元,200+人付款,苏宁易购官方旗舰店
现货发顺丰【24期免息赠原厂屏碎屏宝】Apple/苹果iPhone 13 5G手机官方旗舰店苹果13promax新款12官网11直降,5699.00元,100+人付款,京合旗舰店
24期免息送豪礼当天发货Apple苹果iPhone 13 mini手机5G国行正品旗舰iPhone13mini官网新品5g迷你12,5049.00元,64人付款,久汇数码专营店
【24期免息/送碎屏保】Apple/苹果 iPhone 13苹果13手机5G版苹果官方旗舰店正品iPhone12官网13promax5g新,5758.00元,400+人付款,佰分购旗舰店
【24期免息/现货发】Apple/苹果 iPhone 13 Pro Max 5G手机国行iPhone13Pro苹果13promax官方旗舰店网12,9188.00元,200+人付款,佰分购旗舰店
【至高减1100元+抢先收藏+移动用户专享优惠】苹果iPhone 13全网通5G手机原装国行13官方正品iphone,6799.00元,10万+人付款,中国移动手机官方旗舰店
24期免息送豪礼当天发货Apple/苹果iPhone 13 Pro Max 5G手机国行13promax官方旗舰店5g官网12pro max新品,8099.00元,100+人付款,久汇数码专营店
24期花呗免息付款0首付 Apple/苹果iPhone 13 Pro手机5G苹果13Pro手机旗舰店正品国行官方新款全网通官网,5518.00元,600+人付款,机御旗舰店
顺丰发货【分期免息】iPhone/苹果13 5G手机官方旗舰店国行正品新款上市官网直降max全网通pro13,5298.00元,100+人付款,机御旗舰店
【下单立减800元 移动用户专享】苹果13Pro手机中国移动官旗iPhone13Pro苹果官方旗舰店5G,11999.00元,5000+人付款,中国移动官方旗舰店
【24期免息/当天发货】 Apple/苹果iPhone13苹果13手机iPhone13苹果13手机5g正品官方旗舰店官网13RroMax,5838.00元,100+人付款,三际数码官方旗舰店
【中国联通自营】Apple 苹果13手机iphone13国行全网通5G苹果官方旗舰店官网iphone13promax,5999.00元,600+人付款,中国联通官方旗舰店
【到手5049起】苹果/apple iPhone 13 2021新品#5G全网通手机中国电信官方旗舰官网 原装正品 国行 补贴游戏,5399.00元,200+人付款,中国电信官方旗舰店
【中国联通自营】Apple 苹果iPhone 13 Pro全网通5G苹果官网iphone13pro手机非合约机,7999.00元,88人付款,中国联通官方旗舰店
Apple/苹果 iPhone 13全网通5G苹果手机,5599.00元,2万+人付款,中国移动手机数码旗舰店
【24期免息/现货速发】Apple/苹果 iPhone 12 5G手机官方正品旗舰店新款苹果12mini官网直降12pro 国行13,4648.00元,53人付款,壹品良机旗舰店
Apple/苹果 iPhone 13 6.1苹果13国行iphone13原封未激活双卡手机,5050.00元,100+人付款,武汉全球购
Apple/苹果 iPhone 13 国行13ProMax全新5G双卡mini迷你十三手机,4046.00元,400+人付款,平常最真实
【24期免息】 苹果12 Apple/苹果 iPhone 12 5G手机 苹果官方旗舰 苹果12手机 iPhone12,4999.00元,200+人付款,搜酷数码专营店
新款Apple/苹果 iPhone 13国行全新智能5G手机13proMax未激活mini,4758.00元,100+人付款,e酷手机网
新款Apple/苹果 iPhone 13ProMax国行5G手机官网苹果13新品13mini,4478.00元,100+人付款,手机_小秘
领88券可减100元【赠碎屏险+壳膜】Apple/苹果iPhone 11全网通4G手机 原装国行128G官方旗舰店直售11,4279.00元,100+人付款,翼天下天翼电信旗舰店
Apple/苹果 iPhone 13 Pro Max pm 国行官网正品全网三网通5G手机,4930.00元,600+人付款,启航数码007
10年老店 Apple/苹果 iPhone 12pro Max苹果iphone12全网通手机5G,3730.00元,700+人付款,绿水人佳
【三期免息/当天发】Apple/苹果 iPhone Xs Max手机官方授权专营店苹果xsmax官网原装正品,3788.00元,700+人付款,马斯德数码专营店
Apple/苹果 iPhone X 原装正品 全新分期国行 面容x全网通4G 手机,1500.00元,300+人付款,曼德佩数码通讯店
Apple/苹果 iPhone 13 Pro Max国行13pro苹果13苹果13promax手机,4750.00元,700+人付款,tbzhou28
分期免息Apple/苹果 iPhone 11苹果11pro max国行正品4G手机,3350.00元,400+人付款,gdragonbabby
Apple/苹果 iPhone 13国行全新5G全网通手机苹果13promax原装正品,4080.00元,100+人付款,18088835187lmn
分期Apple/苹果 iPhone 13国行iPhone13全新苹果13Mini未激活手机,3938.00元,100+人付款,果粉企业店
Apple/苹果 iPhone 8 Plus 国行iphone8plus 苹果8P 三网通4G手机,1259.00元,1000+人付款,依依佳人旗靓店
【官方旗舰】2022全新X13promax5G游戏智能手机全网通安卓512g大内存百元学生价适用于华为oppo13耳机店,499.00元,1000+人付款,浩瑜数码专营店
Apple/苹果 iPhone 12三期免息苹果手机12Promax5G 正品 送快充,3000.00元,500+人付款,伊心如你
分期免息Apple/苹果 iPhone 13 全网通5G苹果13 pro max正品手机,4120.00元,100+人付款,dfbzq1986
Apple/苹果 iPhone 12手机苹果12mini全网通5G苹果12Pro Max双卡,2690.00元,200+人付款,wxbcyy1228
【24期免息】苹果13mini iphone13mini Apple/苹果 iPhone 13mini 5G手机官方旗舰官网13 mini迷你,4799.00元,80人付款,搜酷数码专营店
【现货直供/可选苹果13proMax】Apple/苹果 iPhone 13 新款5G手机官方旗舰店5G版直降13pro正品新款,5799.00元,97人付款,今朝奇点旗舰店
分期免息Apple/苹果 iPhone 13 苹果13 ProMax 5G全网通手机现货,4179.00元,100+人付款,yangshan19821209
Apple/苹果 iPhone12 Promax原装国行苹果手机12mini双卡5G全网,2780.00元,100+人付款,靓丽百货商店
【顺丰包邮】Apple/苹果 iPhone12苹果12promax 5G苹果12手机mini,3730.00元,700+人付款,阳光亚平
Apple/苹果 iPhone 13 Pro Max苹果13Promax全网双卡phone13手机,4475.52元,700+人付款,客官里面有请看座
【24期免息/送碎屏保】Apple/苹果iPhone 13 Pro 5G手机官方旗舰店国行苹果13pro xr新品13promax全新13 Pro,8008.00元,42人付款,三际数码官方旗舰店
【下单减800元+移动用户专享】iPhone 13 mini5G手机苹果13 mini手机官方旗舰店iphone13 mini官方正品,7599.00元,700+人付款,中国移动手机官方旗舰店
【碎屏保套餐版】Apple/苹果 iPhone 11 移动联通电信4G全网通智能手机 2020新版官方正品,4099.00元,200+人付款,苏宁易购官方旗舰店
现货发顺丰【24期免息赠原厂屏碎屏宝】Apple/苹果iPhone 13 5G手机官方旗舰店苹果13promax新款12官网11直降,5699.00元,100+人付款,京合旗舰店
24期免息送豪礼当天发货Apple苹果iPhone 13 mini手机5G国行正品旗舰iPhone13mini官网新品5g迷你12,5049.00元,64人付款,久汇数码专营店
【24期免息/送碎屏保】Apple/苹果 iPhone 13苹果13手机5G版苹果官方旗舰店正品iPhone12官网13promax5g新,5758.00元,400+人付款,佰分购旗舰店
【24期免息/现货发】Apple/苹果 iPhone 13 Pro Max 5G手机国行iPhone13Pro苹果13promax官方旗舰店网12,9188.00元,200+人付款,佰分购旗舰店
【至高减1100元+抢先收藏+移动用户专享优惠】苹果iPhone 13全网通5G手机原装国行13官方正品iphone,6799.00元,10万+人付款,中国移动手机官方旗舰店
24期免息送豪礼当天发货Apple/苹果iPhone 13 Pro Max 5G手机国行13promax官方旗舰店5g官网12pro max新品,8099.00元,100+人付款,久汇数码专营店
24期花呗免息付款0首付 Apple/苹果iPhone 13 Pro手机5G苹果13Pro手机旗舰店正品国行官方新款全网通官网,5518.00元,600+人付款,机御旗舰店
顺丰发货【分期免息】iPhone/苹果13 5G手机官方旗舰店国行正品新款上市官网直降max全网通pro13,5298.00元,100+人付款,机御旗舰店
【下单立减800元 移动用户专享】苹果13Pro手机中国移动官旗iPhone13Pro苹果官方旗舰店5G,11999.00元,5000+人付款,中国移动官方旗舰店
【24期免息/当天发货】 Apple/苹果iPhone13苹果13手机iPhone13苹果13手机5g正品官方旗舰店官网13RroMax,5838.00元,100+人付款,三际数码官方旗舰店
【中国联通自营】Apple 苹果13手机iphone13国行全网通5G苹果官方旗舰店官网iphone13promax,5999.00元,600+人付款,中国联通官方旗舰店
【到手5049起】苹果/apple iPhone 13 2021新品#5G全网通手机中国电信官方旗舰官网 原装正品 国行 补贴游戏,5399.00元,200+人付款,中国电信官方旗舰店
【中国联通自营】Apple 苹果iPhone 13 Pro全网通5G苹果官网iphone13pro手机非合约机,7999.00元,88人付款,中国联通官方旗舰店
Apple/苹果 iPhone 13全网通5G苹果手机,5599.00元,2万+人付款,中国移动手机数码旗舰店
【24期免息/现货速发】Apple/苹果 iPhone 12 5G手机官方正品旗舰店新款苹果12mini官网直降12pro 国行13,4648.00元,53人付款,壹品良机旗舰店
Apple/苹果 iPhone 13 6.1苹果13国行iphone13原封未激活双卡手机,5050.00元,100+人付款,武汉全球购
Apple/苹果 iPhone 13 国行13ProMax全新5G双卡mini迷你十三手机,4046.00元,400+人付款,平常最真实
【24期免息】 苹果12 Apple/苹果 iPhone 12 5G手机 苹果官方旗舰 苹果12手机 iPhone12,4999.00元,200+人付款,搜酷数码专营店
新款Apple/苹果 iPhone 13国行全新智能5G手机13proMax未激活mini,4758.00元,100+人付款,e酷手机网
新款Apple/苹果 iPhone 13ProMax国行5G手机官网苹果13新品13mini,4478.00元,100+人付款,手机_小秘
领88券可减100元【赠碎屏险+壳膜】Apple/苹果iPhone 11全网通4G手机 原装国行128G官方旗舰店直售11,4279.00元,100+人付款,翼天下天翼电信旗舰店
Apple/苹果 iPhone 13 Pro Max pm 国行官网正品全网三网通5G手机,4930.00元,600+人付款,启航数码007
10年老店 Apple/苹果 iPhone 12pro Max苹果iphone12全网通手机5G,3730.00元,700+人付款,绿水人佳
【三期免息/当天发】Apple/苹果 iPhone Xs Max手机官方授权专营店苹果xsmax官网原装正品,3788.00元,700+人付款,马斯德数码专营店
Apple/苹果 iPhone X 原装正品 全新分期国行 面容x全网通4G 手机,1500.00元,300+人付款,曼德佩数码通讯店
Apple/苹果 iPhone 13 Pro Max国行13pro苹果13苹果13promax手机,4750.00元,700+人付款,tbzhou28
分期免息Apple/苹果 iPhone 11苹果11pro max国行正品4G手机,3350.00元,400+人付款,gdragonbabby
Apple/苹果 iPhone 13国行全新5G全网通手机苹果13promax原装正品,4080.00元,100+人付款,18088835187lmn
分期Apple/苹果 iPhone 13国行iPhone13全新苹果13Mini未激活手机,3938.00元,100+人付款,果粉企业店
Apple/苹果 iPhone 8 Plus 国行iphone8plus 苹果8P 三网通4G手机,1259.00元,1000+人付款,依依佳人旗靓店
【官方旗舰】2022全新X13promax5G游戏智能手机全网通安卓512g大内存百元学生价适用于华为oppo13耳机店,499.00元,1000+人付款,浩瑜数码专营店
Apple/苹果 iPhone 12三期免息苹果手机12Promax5G 正品 送快充,3000.00元,500+人付款,伊心如你
分期免息Apple/苹果 iPhone 13 全网通5G苹果13 pro max正品手机,4120.00元,100+人付款,dfbzq1986
Apple/苹果 iPhone 12手机苹果12mini全网通5G苹果12Pro Max双卡,2690.00元,200+人付款,wxbcyy1228
【24期免息】苹果13mini iphone13mini Apple/苹果 iPhone 13mini 5G手机官方旗舰官网13 mini迷你,4799.00元,80人付款,搜酷数码专营店
【现货直供/可选苹果13proMax】Apple/苹果 iPhone 13 新款5G手机官方旗舰店5G版直降13pro正品新款,5799.00元,97人付款,今朝奇点旗舰店
分期免息Apple/苹果 iPhone 13 苹果13 ProMax 5G全网通手机现货,4179.00元,100+人付款,yangshan19821209
Apple/苹果 iPhone12 Promax原装国行苹果手机12mini双卡5G全网,2780.00元,100+人付款,靓丽百货商店
【顺丰包邮】Apple/苹果 iPhone12苹果12promax 5G苹果12手机mini,3730.00元,700+人付款,阳光亚平
Apple/苹果 iPhone 13 Pro Max苹果13Promax全网双卡phone13手机,4475.52元,700+人付款,客官里面有请看座
【花呗三期免息】Apple/苹果iPhone 11Pro MAX全新原装全网通官方正品旗舰店iPhone 11promax,5388.00元,100+人付款,马斯德数码专营店
【下单减800元+移动用户专享】iPhone 13 mini5G手机苹果13 mini手机官方旗舰店iphone13 mini官方正品,7599.00元,700+人付款,中国移动手机官方旗舰店
【碎屏保套餐版】Apple/苹果 iPhone 11 移动联通电信4G全网通智能手机 2020新版官方正品,4099.00元,200+人付款,苏宁易购官方旗舰店
现货发顺丰【24期免息赠原厂屏碎屏宝】Apple/苹果iPhone 13 5G手机官方旗舰店苹果13promax新款12官网11直降,5699.00元,100+人付款,京合旗舰店
24期免息送豪礼当天发货Apple苹果iPhone 13 mini手机5G国行正品旗舰iPhone13mini官网新品5g迷你12,5049.00元,64人付款,久汇数码专营店
【24期免息/送碎屏保】Apple/苹果 iPhone 13苹果13手机5G版苹果官方旗舰店正品iPhone12官网13promax5g新,5758.00元,400+人付款,佰分购旗舰店
【24期免息/现货发】Apple/苹果 iPhone 13 Pro Max 5G手机国行iPhone13Pro苹果13promax官方旗舰店网12,9188.00元,200+人付款,佰分购旗舰店
【至高减1100元+抢先收藏+移动用户专享优惠】苹果iPhone 13全网通5G手机原装国行13官方正品iphone,6799.00元,10万+人付款,中国移动手机官方旗舰店
